question,answer
"What is constipation?","Constipation is a common condition causing extreme discomfort when the bowels cannot move waste out of the intestines, leading to intense pressure.Remedies:Ginger: Chew raw ginger, brew ginger tea, or steep in hot water to reduce intestinal pressure and promote bowel movement. Safe for most people.Triphala: Take as a liquid, powder, or pill for its mild laxative effect. Avoid if pregnant, breastfeeding, or for children.Lemon Water: Sip warm water with fresh lemon juice in the morning to stimulate the colon. Safe for most, including children (diluted)."
"What does a 2015 research review show about ginger extract for constipation?","A 2015 research review of clinical trials showed that people who took 100 milligrams (mg) of ginger extract had increased movement in their bowels when compared to a control group who took a placebo."
"How can you use ginger for constipation at home?","To use ginger for constipation, you can slice raw ginger root into pieces and chew it slowly; try brewing some ginger tea; or simply steeping ginger in hot water."
"What is Triphala?","Triphala is an herbal remedy that combines Indian gooseberry, black myrobalan, and belleric myrobalan."
"Who is advised to avoid taking Triphala?","Children and people who are pregnant or breastfeeding are advised to avoid taking Triphala."
"What is Senna tea made of?","Senna tea is an herbal blend made of flowers from plants in the legume family."
"How does Senna tea work for constipation?","Senna leaves contain compounds called sennosides, which can irritate your digestive tract just enough to stimulate a bowel movement."
"What factors make up comprehensive Ayurvedic hair care?","Comprehensive Ayurvedic hair care includes healthy mind and emotions, optimal nutrition, hair oiling and washing, scalp massage, and herbal treatments."
"What are the three predominant doshas in Ayurveda?","Ayurveda identifies three predominant doshas, or constitutions, known as vata, pitta, and kapha."
"What does Ayurveda teach about healthy hair?","Ayurveda teaches that a healthy body and mind will result in healthy hair and scalp, leading to optimum hair growth."
"What are the best hair oils recommended for Vata types according to Ayurveda?","Almond or sesame oil are the best oils recommended for vatas."
"What might turmeric be best for treating, according to proven medicinal purposes in the source?","The golden spice may be best for treating pain — specifically pain associated with inflammation."
"What compound is responsible for turmeric's effects?","Curcumin is responsible for turmeric’s “wow” factor."
"What is the active component of chili peppers used for pain management?","The active component of chili peppers is capsaicin."
"What symptoms of IBS has peppermint been found to be especially effective in treating?","Peppermint has been found to be especially effective in helping treat irritable bowel syndrome (IBS) symptoms."
"What might muscle pains, fatigue, or more migraine attacks indicate?","It might be a magnesium deficiency."
"How is a saltwater rinse used for a toothache?","To use this approach, mix 1/2 teaspoon (tsp) of salt into a glass of warm water and use it as a mouthwash."
"How is a cold compress used for a toothache?","To use this approach, hold a towel-wrapped bag of ice to the affected area for 20 minutes at a time, repeating every few hours."
"When does weight loss occur according to the source?","Weight loss occurs when you consistently consume fewer calories than you burn each day."
